Date,AAPL,AMZN,GOOGL,META,MSFT
2020-01-03,-0.009722010291748795,-0.012139034655920922,-0.005231342883399326,-0.005291260448139101,-0.012451621954586156
2020-01-06,0.007968399867263498,0.01488557393050649,0.026654131070351195,0.0188336031487788,0.002584866169465627
2020-01-07,-0.004703069866742404,0.0020916204156393725,-0.0019316234763153695,0.0021636474217887613,-0.009118106109710422
2020-01-08,0.01608629429064723,-0.007808640261289357,0.007117691110558599,0.010138006603118255,0.01592855161563933
2020-01-09,0.021240695239699958,0.0047991747864684076,0.010497965371679463,0.01431094607185801,0.012493042174172242
2020-01-10,0.0022607644709990993,-0.009410596802031268,0.00645864643553562,-0.0010994296372371926,-0.00462716975966837
2020-01-13,0.02136430027158509,0.004322578245699482,0.0077469622519656944,0.01765571928194265,0.012024451065546948
2020-01-14,-0.0135031674882512,-0.011558211718052602,-0.006555420407420187,-0.012843071770009873,-0.007042987561537317
2020-01-15,-0.0042853285226772675,-0.003969126548924895,0.006018442720213235,0.00954074847614117,0.006476165412984125
2020-01-16,0.012526374818997432,0.00854991102959346,0.007615399629832265,0.0028035740135121667,0.01832345411229408
2020-01-17,0.011070902401599803,-0.00703966144232826,0.02024596767871789,0.0016683731345963349,0.005596727323872841
2020-01-21,-0.006776905480787687,0.014629525206926841,0.0018452623929707812,-0.003151152202059526,-0.0035908817647494207
2020-01-22,0.0035694874587177683,-0.0023995494624704516,0.0010928473470555033,-0.0005418854582033283,-0.00480481215818207
2020-01-23,0.004816010554279826,-0.0015259112256781338,0.0005526140164879845,-0.007048675066676169,0.006155819833264076
2020-01-24,-0.0028821852512785906,-0.012172426638861644,-0.012473915896133891,-0.008281726023491864,-0.010076647581783726
2020-01-27,-0.02940521173515598,-0.01788746376771211,-0.02348977363412208,-0.014086479259557416,-0.016723216293033194
2020-01-28,0.028289249651749726,0.01362436592451366,0.01311000570607268,0.013589604110861409,0.019595554425106076
2020-01-29,0.020932666875427053,0.0025630978623367717,0.004274354389129265,0.02497820197945999,0.01559285611957395
2020-01-30,-0.0014493012228780078,0.006824489189870775,-0.0016818502112107003,-0.06137166693746465,0.028207600976700054
2020-01-31,-0.04433864732670967,0.07379135586484753,-0.014763645375781675,-0.036367084243692616,-0.014758566116301886
2020-02-03,-0.0027465954860379505,-0.0022501685803328897,0.034771525517879986,0.011292153622622925,0.024378798613339026
2020-02-04,0.03301404171619016,0.022687342140775613,-0.025084272753386094,0.02762132975274767,0.032916449516079194
2020-02-05,0.008154126321112454,-0.004781236737139594,0.0004427488474965102,0.0013344077436663326,-0.0012212453526657674
2020-02-06,0.011697094762116667,0.0050787328892443195,0.02069087848229456,0.0035219908191632676,0.02073385223010571
2020-02-07,-0.013592817090058773,0.014169136390608683,0.0021273830841306296,0.007019187501528856,0.0014155374881641425
2020-02-10,0.004749538703869183,0.026273579599096486,0.019978243141405727,0.0034380244018454853,0.02615691467649528
2020-02-11,-0.006033313526731421,0.007915025985726132,0.000927971790466664,-0.027550902020324952,-0.02257537631210116
2020-02-12,0.023747849411388744,0.004277469597884664,0.005675336783973028,0.01723052282138604,0.0014641553120160467
2020-02-13,-0.007121042945639644,-0.00468981707537619,-0.0034504919068526485,0.011292488825412672,-0.005414048567565222
2020-02-14,0.0002461250909160384,-0.006977166077050345,0.0035284795465446717,0.004879390490339475,0.008927018484209848
2020-02-18,-0.01831048560479287,0.009742990607446878,0.00046749023851644367,0.01690172051437333,0.010143009364181443
2020-02-19,0.014482662404698532,0.006749650094826309,0.003573680215774422,-0.0014233129212587459,0.002999122815235511
2020-02-20,-0.010258853863337025,-0.007888626914309249,-0.005167616828246846,-0.013379942013936996,-0.015271383028720553
2020-02-21,-0.022634905694388863,-0.026533823330561868,-0.022103059160835548,-0.020505215386929176,-0.03161230146335914
2020-02-24,-0.04750050096654146,-0.04135555023463999,-0.04287274957639897,-0.045009000783775344,-0.0431155254930794
2020-02-25,-0.03387218812011661,-0.018190498951138112,-0.02362196854788845,-0.019679139718113747,-0.01650209117662904
2020-02-26,0.015863767750739388,0.003472315416060967,0.0029934883346189878,0.002185255203764891,0.012494944777229344
2020-02-27,-0.06536829305696235,-0.048136265467272676,-0.05431258576052633,-0.03777888977451427,-0.07045899747063522
2020-02-28,-0.0005850064456824899,-0.0002918467224900523,0.018479851133533343,0.014334657289608144,0.02421283961569176
2020-03-02,0.09310095504230631,0.03726611425327642,0.03514654190900246,0.020626597368546662,0.06653909434677319
2020-03-03,-0.03175947707721649,-0.023009811402324054,-0.03505684457910263,-0.05370598106617641,-0.04791943172224988
2020-03-04,0.04638444454057011,0.03501322901563819,0.03280208402485618,0.03157778867319938,0.03671517567555793
2020-03-05,-0.03243686586100436,-0.026216794314283476,-0.04837873161650608,-0.03436585589626573,-0.025095268192436238
2020-03-06,-0.013280112870624472,-0.011922924014239333,-0.014466464053304762,-0.022033816878543,-0.02826719916606768
2020-03-09,-0.07909203041452129,-0.05285383245165354,-0.06170221209685345,-0.06400130637953727,-0.06777264026755458
2020-03-10,0.07202155783043729,0.05065506668458686,0.04884063690592688,0.051268450981747815,0.06838420451666916
2020-03-11,-0.034730405705599376,-0.03750889642974897,-0.05040113897958509,-0.04461528053941388,-0.04530213879731293
2020-03-12,-0.09875485073607904,-0.07922082514747941,-0.08204639407925196,-0.09263395067908509,-0.09483806533928818
2020-03-13,0.11980839046101321,0.06464833687376514,0.0924115270265411,0.10234995425425542,0.14216886722050237
2020-03-16,-0.12864696171105627,-0.053697516604298,-0.11634149467694754,-0.14252997678205148,-0.1473903449565065
2020-03-17,0.0439700308705846,0.07026613247879654,0.04199437629025993,0.023354590715704227,0.08233617776077162
2020-03-18,-0.02447985862305091,0.012257741060410998,-0.02403266788748626,-0.01646360249781742,-0.04209580351578612
2020-03-19,-0.007661989337513941,0.027830613766863133,0.01876846799491494,0.041984199013806345,0.016452795404886533
2020-03-20,-0.06348559539372878,-0.018522798541689034,-0.039094341653054476,-0.022203415704684426,-0.03755853198474879
2020-03-23,-0.021244192216489433,0.030735291504301987,-0.013180902094257041,-0.010886192950873341,-0.00997463457529868
2020-03-24,0.10032535769629414,0.019586561347294085,0.07198350574916867,0.08696819104126763,0.09089579455185248
2020-03-25,-0.005508746691073263,-0.027967604900146936,-0.025123644047467364,-0.029630942603235955,-0.009572637840991716
2020-03-26,0.05262307557027168,0.03693312450375408,0.05564529611637914,0.045643616398298725,0.06255102486296571
2020-03-27,-0.041402356119036976,-0.028325389436650084,-0.045282554678082065,-0.04010042364766708,-0.041060780231547134
2020-03-30,0.028537880974815355,0.03360354691971379,0.03246983315466867,0.058422119104201364,0.0703408325642223
2020-03-31,-0.002040845447095818,-0.007245622950859176,0.013643805215790339,0.005122061579674098,-0.015727284753426107
2020-04-01,-0.05261697386033071,-0.02155179126735396,-0.05150824584595404,-0.04316544854023796,-0.03550836526658652
2020-04-02,0.01668678767078835,0.005834205106051371,0.013546900078190705,-0.008834609073854693,0.020708583558122884
2020-04-03,-0.014371417411081944,-0.0063788821910731874,-0.021781028466643537,-0.02534932488613062,-0.009210233958700464
2020-04-06,0.0872375172952311,0.04772922477644714,0.08281325047197585,0.07374504420872618,0.0743679342830117
2020-04-07,-0.011582295158067524,0.007013456003121421,-0.0005324887795625788,0.01981273765528968,-0.010770337189392909
2020-04-08,0.025594639136538477,0.015609461784076739,0.02066703010635451,0.0322809742885386,0.01003104367176122
2020-04-09,0.007216170038865544,-0.00011748445832981957,-0.00035624911901666056,0.005221503720927778,6.069769133087988e-05
2020-04-13,0.019627526750887192,0.0617350661426328,0.0031825977185608867,-0.00228328757177354,0.002240525006980798
2020-04-14,0.050503143447279575,0.052769449861283624,0.04529045729723746,0.019337519381211976,0.04948319754049413
2020-04-15,-0.009127342789568837,0.010668695718768717,-0.006267629214677606,-0.006735123536928622,-0.010477720927624667
2020-04-16,0.007945724951117006,0.043554542393708484,0.00010333936641870878,-0.004068493053832278,0.030020979284503868
2020-04-17,-0.013568700349684493,-0.013782136130354505,0.017154079153294477,0.016964570173980453,0.008811546768814571
2020-04-20,-0.020756615569067383,0.007835757606907912,-0.013956244259686001,-0.0055791116344177105,-0.019820815248792756
2020-04-21,-0.030910479553814985,-0.02736033095931456,-0.038845454773687726,-0.04174148458322169,-0.041356983368317835
2020-04-22,0.02880372490170946,0.015192527091639096,0.03815502796320036,0.06721308853876451,0.03396478475193532
2020-04-23,-0.0038755803734171757,0.015214823484082762,0.010139726420727024,0.01563531996160683,-0.012102495618061981
2020-04-24,0.028869470015452148,0.004488511186874211,0.004271709612333918,0.02668396430137454,0.018259429467870847
2020-04-27,0.0007070853458961412,-0.01419786171076054,-0.004496358377619969,-0.01352137225856398,-0.0028645986866797646
2020-04-28,-0.016209480019693134,-0.0260606110425593,-0.03011343416049639,-0.024479980468749996,-0.024360909363121852
2020-04-29,0.03284522744833507,0.02533616474965794,0.0889103383527059,0.0616696657014697,0.04487364088558432
2020-04-30,0.021096029012124262,0.042689574239964,0.0033676246241094443,0.0541737686811925,0.010032204594479621
2020-05-01,-0.01609932812531034,-0.07597409237648922,-0.021816318259344603,-0.011919312009093685,-0.02589127589973994
2020-05-04,0.014148717380101816,0.013101236487597756,0.004235862812207891,0.014782173190382775,0.024459956635117575
2020-05-05,0.015008992577902891,0.0007815221854263754,0.019744498029183433,0.008818147061397053,0.010735881815769677
2020-05-06,0.010317290670743384,0.014436139090531874,-0.0026611432702212667,0.00676096898133749,0.009847213739909044
2020-05-07,0.010344604924042766,0.006953694859791026,0.017726634011574927,0.013383188323480288,0.005807098952489653
2020-05-08,0.02380197897722014,0.005068389389295991,0.010998568819840848,0.005159574103105635,0.005882153499245257
2020-05-11,0.015735228646315713,0.012350743942999287,0.013905454680128493,0.0039085780476080245,0.011154581107791772
2020-05-12,-0.011428124820603403,-0.021606420523622827,-0.020240870126836064,-0.014447821925530735,-0.022651779836953767
2020-05-13,-0.012074076028638303,0.004654320575239401,-0.019524809206890925,-0.02379819064610833,-0.015122454988735878
2020-05-14,0.006143397539727369,0.008838926123896362,0.006326434419388516,0.008337354481672055,0.004339261837142061
2020-05-15,-0.005912120802900489,0.008761547889003296,0.011939294118811228,0.019679935072121513,0.014568302147031753
2020-05-18,0.023561233910269097,0.006838841203809398,0.008827040459917335,0.010954085285977744,0.009554530604483524
2020-05-19,-0.005778462333908663,0.009508426590011165,-0.007782402921551634,0.017308515404799163,-0.006922190555411656
2020-05-20,0.019448137323066828,0.019846275173532213,0.025291020540301412,0.060355938967096456,0.013870508734078024
2020-05-21,-0.007455601016973401,-0.02049693045417056,-0.0017102196615489396,0.006174710446614107,-0.012011244591016546
2020-05-22,0.006438700613339066,-0.004029821100215103,0.004613485417565899,0.015212430449655923,0.00043609446817161057
2020-05-26,-0.006773775610776855,-0.0061636144559754635,0.0057526552585294155,-0.011536361464474787,-0.010571408972247953
2020-05-27,0.004357117348929185,-0.004736042347035618,-0.0007668202883708286,-0.013178284232604143,0.0013218583014986685
2020-05-28,0.00044000527575827064,-0.003854151605534595,-0.0014362995405968748,-0.01606001870290441,-0.002255395245655878
2020-05-29,-0.0009740016190001866,0.017187950901155657,0.010773915717313898,-0.0016411353009766483,0.010198644812803304
2020-06-01,0.01229785596879851,0.011738616181262485,0.0009416994679030122,0.030299024546524,-0.0022921304721109648
2020-06-02,0.004629567396751355,0.0005543957444538172,0.005185161711027897,0.0034927236678150564,0.011376955928704469
2020-06-03,0.0055050059378942695,0.002422733405640143,-0.0021215948714405908,-0.01100033321229632,0.002433545790870184
2020-06-04,-0.008612087576806648,-0.0071820481181339435,-0.01733548947766439,-0.016814434803615996,-0.013163744875617556
2020-06-05,0.02848084122270933,0.009103493113018724,0.018185719852804372,0.019797653980498264,0.023398337928528745
2020-06-08,0.005912288488205686,0.016536458949464095,0.005569380697793891,0.002729945887073093,0.0061965272381576675
2020-06-09,0.03157820162938374,0.030427139202305886,0.002789920836681281,0.03141747823776142,0.0076448316684443185
2020-06-10,0.025727367216106023,0.017913292558120908,0.008691041345574524,-0.008128388386851149,0.037091903609389965
2020-06-11,-0.048010059857208964,-0.03380230045218746,-0.04287566550801136,-0.0519579405810251,-0.05369852934190489
2020-06-12,0.008633330046916576,-0.005058743377937103,0.007860795960420885,0.018491330440261855,0.007891840494343105
2020-06-15,0.012367127585629634,0.01086830941079775,0.005534620781443289,0.017149348751176463,0.006391912696039004
2020-06-16,0.02650230501185913,0.0165547312399128,0.018110266157245647,0.013548360845094143,0.0245050256641961
2020-06-17,-0.0013915643318926918,0.009830663019560593,0.004196385791531476,-0.0005092090825183915,0.0034613136315662096
2020-06-18,0.0003979288577564688,0.004922484646629588,-0.012681201668262365,0.0017407704506191557,0.010708489483466144
2020-06-19,-0.005714445505165977,0.007923935918584757,-0.0066103117586368,0.012079303277257258,-0.005959820960414142
2020-06-22,0.02616361757323049,0.014508287231048467,0.018264190698012772,0.0018007787037166434,0.027773625943182223
2020-06-23,0.021344801507040767,0.018641697717608263,0.009182032902968373,0.012624380307040939,0.00668086669483281
2020-06-24,-0.01765211447740711,-0.010855867894827953,-0.021366349469202572,-0.0339332935696085,-0.02015741363421253
2020-06-25,0.013275891519722416,0.007380066387785211,0.005863030033091743,0.007093361135861009,0.012636408005144872
2020-06-26,-0.030725947429589673,-0.02240276315369638,-0.054513932234713236,-0.08316357541511699,-0.020015955719348777
2020-06-29,0.0230466339521731,-0.004638148068063508,0.02541574920639822,0.021103283598447264,0.010747224301449698
2020-06-30,0.008347576185709915,0.029264486024190406,0.014944477104935183,0.0291425306035058,0.02554922109828861
2020-07-01,-0.0018915735050362148,0.043453386195574595,0.01688942136146654,0.04615314832211781,0.005847566649155089
2020-07-02,0.0,0.004029609482701257,0.019368927369538103,-0.01738583384447545,0.007620758879010925
2020-07-06,0.02675028386770606,0.05768955229869066,0.020218651218638417,0.029389086899856753,0.021526119827735668
2020-07-07,-0.0031027805636124617,-0.018619371729473477,-0.006488127010433109,0.002413858140508207,-0.011627737852924924
2020-07-08,0.0232900842449415,0.026995584181255694,0.009181675361570774,0.011292872265259879,0.021992589294473674
2020-07-09,0.004300498001798214,0.032949191382365184,0.010015939731233825,0.003776985639335928,0.007001057262138621
2020-07-10,0.0017489797211969194,0.005457748808544549,0.013399995378133855,0.002331318299463092,-0.0030329232875213608
2020-07-13,-0.004613132395261066,-0.030000019073486373,-0.01740075605370428,-0.024768462654788936,-0.030888695972345337
2020-07-14,0.016548335810354198,-0.006443299095769239,0.005706746274753094,0.003054375429033751,0.006181535160668883
2020-07-15,0.006877564204629261,-0.02436122126125273,-0.002616907532255075,0.002294260466190856,-0.001487916654943744
2020-07-16,-0.012305088219549565,-0.002981196241378159,-0.0012921202793474418,0.002705151905221248,-0.019803913614540036
2020-07-17,-0.002020087691379513,-0.01264375276193297,0.001273949505347316,0.004565666944571278,-0.005100042556871021
2020-07-20,0.02107371677068115,0.07929519957328535,0.030978707206281042,0.014006525665191338,0.04298107689263997
2020-07-21,-0.013801644320955209,-0.018314900474015072,-0.005064504250358759,-0.014953949133431732,-0.013468840698435569
2020-07-22,0.002809371609968636,-0.012229630062539742,0.005739404329384357,-0.007776648946483999,0.014371244141157646
2020-07-23,-0.04551661421934827,-0.036568799201794455,-0.030737754671904094,-0.030308038361030354,-0.04349476309811795
2020-07-24,-0.002477161039520892,0.007486874288995304,-0.005630485505634608,-0.008125534566010839,-0.006122085084412587
2020-07-27,0.02370014670339149,0.015387648743417026,0.014069619155005375,0.01209307444385388,0.01266747579371974
2020-07-28,-0.016427408576850988,-0.017962780502695397,-0.016855873012325717,-0.014475395643736566,-0.008976941239161929
2020-07-29,0.01916836161020674,0.011065474265779418,0.013207810056116598,0.013775413854545837,0.010097877963677115
2020-07-30,0.012100156117313077,0.006049030252796905,0.009753842841010663,0.005186706454155976,-0.0007840125515942153
2020-07-31,0.10468874704914755,0.036960821567137314,-0.03277499731696387,0.08174839304454284,0.005443682305627862
2020-08-03,0.025197551430669263,-0.01668096589563972,-0.0034880016046878737,-0.006741007874093374,0.05624121977159868
2020-08-04,0.006677974363252792,0.008657119256458845,-0.006379988260253544,-0.008453741967197947,-0.015008712425510384
2020-08-05,0.0036248185763614327,0.021090645909052075,0.003929917489857271,-0.002841959367023139,-0.0016410500657318972
2020-08-06,0.03488929710464461,0.0062308600392182445,0.017483713600355832,0.06486835251625478,0.01601399192857378
2020-08-07,-0.022735799740565166,-0.017841853651889505,-0.0043721686654147884,0.011911955958422649,-0.017887833283502297
2020-08-10,0.014534819099617513,-0.006093187166982039,-0.0010344492581151332,-0.020265245089891804,-0.019907538726155694
2020-08-11,-0.029739843805822508,-0.021437993092404684,-0.010876430747148724,-0.026121654437975317,-0.023385379326999245
2020-08-12,0.03323438061020889,0.026478049605839216,0.018033948110388387,0.014680083137254218,0.028567171961711768
2020-08-13,0.017697425354795016,-0.0003858318082136103,0.00624316146593884,0.005425268633112212,-0.002342439045498912
2020-08-14,-0.0008912031776431295,-0.004112558082955964,-0.007925334802485917,-0.00022961179256264508,0.0009584530772157596
2020-08-17,-0.0026108317476978282,0.010924312234330102,0.007716152829457146,-0.0003061804289375969,0.006605925464511442
2020-08-18,0.008332831248035744,0.04087466955935781,0.02607773303961114,0.00451827484773637,0.005754144404720218
2020-08-19,0.001254664496046276,-0.015701145907449088,-0.007179706471975189,0.0009529618185937228,-0.006066910644001
2020-08-20,0.02218960809433046,0.011314270642265756,0.02048414483170391,0.02444881190170456,0.023271375070024858
2020-08-21,0.05153244163230242,-0.0038364352508537536,-0.0004313602795400495,-0.00743466758631961,-0.007270024752160542
2020-08-24,0.011960341496356497,0.006923017605080961,0.006080291654108949,0.01640389769154038,0.0031452711052062376
2020-08-25,-0.008203778070307033,0.011800549645987202,0.01305874732479051,0.03474701413755765,0.013009571890720162
2020-08-26,0.01359907358664092,0.0284955613728457,0.02383776511414415,0.08222347317024403,0.02161957611258858
2020-08-27,-0.011954233269128922,-0.01215915158498826,-0.009494318777685695,-0.035174894911624954,0.024553395939061362
2020-08-28,-0.0016200665063583752,0.0005293902228860059,0.006699261449971017,0.0015005880894021217,0.010283415096558945
2020-08-31,0.03391218015416286,0.014451219151166761,-0.0060386248614131555,-0.0015664082590129969,-0.014765714404689212
2020-09-01,0.039832629868263414,0.01395547583299983,0.015679322441720878,0.007639802664105355,0.007715084107235315
2020-09-02,-0.020718509326895007,0.009239471142122424,0.03764774496133949,0.023896552600367382,0.019272421740429202
2020-09-03,-0.08006076227357495,-0.04628410915968095,-0.05117063955169787,-0.03761985085227271,-0.06194689127525632
2020-09-04,0.0006618396494897372,-0.021787358799564616,-0.029640822772808773,-0.02881967666797347,-0.01403583350270099
2020-09-08,-0.06729520396286337,-0.04394435952982134,-0.03643413276451957,-0.040922459146999546,-0.05409576389711601
2020-09-09,0.039886829565173754,0.03770662418145765,0.015509363233989992,0.009440911358681525,0.04258359232820763
2020-09-10,-0.03264595744630139,-0.02860545100214451,-0.013689053185491407,-0.02056848187090632,-0.028018254757073757
2020-09-11,-0.01312892013725031,-0.018547317429499666,-0.0067428441271732975,-0.005520575204390643,-0.006524863062764896
2020-09-14,0.030000156039509118,-0.004251985314208007,-0.00457201934629492,-0.0017253346849389617,0.006763736787265273
2020-09-15,0.0015602601937381166,0.017132004407634627,0.017424082761510862,0.023558217828434813,0.01640621881435811
2020-09-16,-0.029513586488314147,-0.024723344317983953,-0.015002044617388188,-0.0326702297018403,-0.01786582004555548
2020-09-17,-0.01596366014986117,-0.02253666798925036,-0.016566506549738014,-0.033014503840927856,-0.010436333183704405
2020-09-18,-0.031719993701123994,-0.01788790878106783,-0.024175552423614466,-0.008986769009892481,-0.012419295095654426
2020-09-21,0.030325615858666,0.001881613182508124,-0.014437326804813022,-0.017344493343305678,0.010728861422719893
2020-09-22,0.015715868688610524,0.05692335984779917,0.020753121397064644,0.02659684169191956,0.024094121187693718
2020-09-23,-0.04194626384989475,-0.04126889165142078,-0.03454535116058444,-0.022492623071792228,-0.032928403365968584
2020-09-24,0.010268976843845534,0.006643681788120581,0.009557327399822846,0.002048006176555761,0.012961857167197888
2020-09-25,0.0375161552572707,0.02494874307344297,0.01138559259098404,0.021199890076546435,0.022786598634715993
2020-09-28,0.023868949308134102,0.025498115680328004,0.01361994201265948,0.00784867727224925,0.007795059394808401
2020-09-29,-0.00756777873630321,-0.009190126805558863,0.0050457797154948025,0.019352079584784132,-0.010408537803596962
2020-09-30,0.015075734392302031,0.0012241460404771587,-0.0002865407351534399,0.0004201281484110808,0.014812346610075577
2020-10-01,0.008462271322932535,0.023034752317315554,0.01521558245555732,0.018060370739060305,0.01012686231850135
2020-10-02,-0.03228034205905683,-0.02988273802333874,-0.021708420413243612,-0.025090958702665866,-0.02951150500779831
2020-10-05,0.03079092989459098,0.0237440429687501,0.018707112172438256,0.01811953301085234,0.0203211987103753
2020-10-06,-0.028669404178754077,-0.03102028886576813,-0.021452220778719666,-0.02263363072933955,-0.021247346950698853
2020-10-07,0.01696718275000686,0.030881037106998743,0.0055960388688882645,-0.002087715678019131,0.019037565075044505
2020-10-08,-0.0009559284776783361,-0.0016084400175445657,0.0166467976349578,0.0218503593488637,0.0035741418503050237
2020-10-09,0.01739585843585645,0.030120249141207367,0.018214515058774472,0.0026160237179979617,0.024836305743675346
2020-10-12,0.06352046235383346,0.04754990740220588,0.035843632894007715,0.04273014661130836,0.02590229680437317
2020-10-13,-0.026527264033618714,0.00020333647320058823,0.0015850868228308723,0.0014143776915231943,0.006594510638336937
2020-10-14,0.0007433132116883012,-0.023208080547411636,-0.002316466974035869,-0.015644264123468976,-0.008974307746508203
2020-10-15,-0.003960751654500494,-0.007450142689235051,-0.0050977146560272635,-0.018762438253606906,-0.005433345159458924
2020-10-16,-0.014000698548517043,-0.019750480983333984,0.00786262174894703,-0.0029619396419700017,0.0
2020-10-19,-0.025541769500837086,-0.020013957457728493,-0.02407991996168224,-0.017034553845228673,-0.024765625535297042
2020-10-20,0.013191884291224198,0.003055554339711275,0.01381095237905261,0.023565431545299775,0.0020073298129681394
2020-10-21,-0.0054462971346525,-0.009968886774915697,0.02250688085713959,0.041747695954766906,0.0006988353450292362
2020-10-22,-0.009583213011205682,-0.0026812857408547996,0.013032877606421689,-0.0021885546769147,0.00041894999890157436
2020-10-23,-0.006134051687057163,0.008814971867029398,0.01638183422865125,0.0239825023185547,0.006235874110532613
2020-10-26,8.682846604424199e-05,0.0008238907949942309,-0.02981667364050755,-0.026967319649305543,-0.028441940665881127
2020-10-27,0.013472434051707838,0.024723687101579017,0.00920917020191947,0.022301697954041355,0.01508948938783461
2020-10-28,-0.046312024819120556,-0.037595069983728635,-0.05508855342694796,-0.055137825712305744,-0.04956641107291593
2020-10-29,0.03705036282783314,0.015249235849637444,0.03050040808271426,0.04916491382806387,0.010065324865722092
2020-10-30,-0.05601810375944116,-0.0544564552314909,0.038043964576103706,-0.06309867915812206,-0.01099068063555353
2020-11-02,-0.0008266757844073158,-0.010430948040659138,0.0050801891130281,-0.006651210890615489,-0.0006913957506223811
2020-11-03,0.01535357167901763,0.014621516534147005,0.013137727399460175,0.01507500253379046,0.020263798603497474
2020-11-04,0.040836336268857076,0.06322966294024535,0.06088142629988669,0.0832266042434735,0.04824887776616804
2020-11-05,0.03549369014127901,0.024941733698923496,0.009536862972784554,0.02540186397430655,0.03188684640869144
2020-11-06,-0.0011358934297436285,-0.003199936061909714,-0.0015715903424201594,-0.004309722564263652,0.0019257922618649559
2020-11-09,-0.019967996538075794,-0.05062255447737596,0.0009603239244133643,-0.049896099198093236,-0.023824590511565713
2020-11-10,-0.003009044063897348,-0.03458294580536425,-0.013455025718919544,-0.022742750610718288,-0.03379255162131767
2020-11-11,0.030352690123534476,0.03372959332756431,0.005472711431938837,0.014866271774146345,0.026254651380244187
2020-11-12,-0.0023431782423483094,-0.008640935353967705,-0.0025240495144073227,-0.0050637455093697215,-0.005125920693966335
2020-11-13,0.0004194701537132417,0.005957652481424658,0.016892164901247675,0.006798115915547909,0.004966619586266319
2020-11-16,0.008720332605880454,0.0007190451875813686,0.0009987358243011002,0.0072575524804250335,0.0033254185321336394
2020-11-17,-0.007564359805165788,0.001469221257177411,-0.006972821838243548,-0.014195553399691807,-0.012751377299875188
2020-11-18,-0.01139136025234433,-0.00963120822903818,-0.011931956226020946,-0.011018177379261362,-0.013183780113987353
2020-11-19,0.005168186465172031,0.003722494885254779,0.010300804964611832,0.003566574314628035,0.006348226139202939
2020-11-20,-0.010957381924577847,-0.005652814007175211,-0.012618173904925034,-0.011870704936593368,-0.009556421422726058
2020-11-23,-0.029742703176484198,-0.00032591205652088284,-0.0050795550611009155,-0.004709008059944342,-0.0013309041563942525
2020-11-24,0.011594104785753068,0.006348492495275249,0.021035464787779512,0.03162843565773832,0.017847850717459535
2020-11-25,0.007467248649577485,0.02149089105013391,0.00013036450590608872,-0.004802892623688382,4.66487651420433e-05
2020-11-27,0.004826370418683723,0.003224444340751864,0.012975242967937728,0.008055449218778099,0.006358997560412583
2020-11-30,0.021099658944490285,-0.008543726224847115,-0.01825381631970313,-0.0030236361011933832,-0.005389454608146438
2020-12-01,0.030827324180080717,0.01642659261366375,0.02334697323867263,0.03458853496784231,0.009996782347542199
2020-12-02,0.0029335628170643613,-0.005139620139509304,0.01649250629203247,0.003385102990839828,-0.003885307560691942
2020-12-03,-0.001137510576750489,-0.005244192164348127,-0.001715032529347682,-0.019720308593524027,-0.005246695766573439
2020-12-04,-0.005612479386104319,-0.007578327983446487,0.0010538869314922206,-0.007628149192569933,0.0005601790704545806
2020-12-07,0.012269843315605877,-0.00144820943300783,-0.0036902011463334494,0.021022431564579502,-0.00032665504432205505
2020-12-08,0.005090958989427463,0.006108347649924184,-0.0031370275396016556,-0.007633562498363666,0.008026533231884958
2020-12-09,-0.020903670395360896,-0.02300385041546993,-0.01847813597341763,-0.019336558174915308,-0.01948977028659704
2020-12-10,0.01198871663682266,-0.0008730964486967085,-0.005742837567008108,-0.0028785919397449344,-0.00604343985408573
2020-12-11,-0.00673453718790451,0.004813852496939441,0.004044897691055649,-0.01288253243043358,0.013015301034080107
2020-12-14,-0.005146814251073328,0.013011701561464806,-0.012700010463120748,0.0023396625004490357,0.00440787977800472
2020-12-15,0.05009028307799235,0.0025815971159888207,0.005033521250415118,0.00496001072049701,-0.00032675303624452035
2020-12-16,-0.0005473463705696346,0.023961224378619583,-0.0022089147828853184,0.00043558570162516297,0.024050706213688766
2020-12-17,0.006963483949060656,-0.0015057469987226346,-0.009492424400308397,-0.004316764187042077,0.0006385091318072966
2020-12-18,-0.015850774786657196,-0.01063939440891426,-0.00821024238059942,0.0069949826337332155,-0.0037827158959442553
2020-12-21,0.012395377007634156,0.0014149045573290664,0.004831363688797552,-0.013060728767289698,0.018299088801148722
2020-12-22,0.028464443617902457,0.00010603453584812073,-0.0082671716803846,-0.020895238199652,0.0060648521121080545
2020-12-23,-0.006975942382507094,-0.006627122071927394,0.004656351270584169,0.0038188963557492794,-0.013039035199655324
2020-12-24,0.00771211970500052,-0.003949415822362745,0.003431269715475471,-0.0026481350709379736,0.007827263781442495
2020-12-28,0.035765809816276084,0.03507113271672124,0.022950568108676794,0.03590129514824136,0.009921514637487805
2020-12-29,-0.013315029639504261,0.011583625131030173,-0.00913208388497877,-0.0007942282335853257,-0.0036009358193055396
2020-12-30,-0.008526498214073808,-0.010882060864285004,-0.012237170971077571,-0.01773973438747134,-0.011019249538864795
2020-12-31,-0.00770266136007447,-0.008801370623195415,0.009439928399477937,0.004744946364404257,0.0033380652510885955
2021-01-04,-0.024719341828889907,-0.021584740620304466,-0.015125758068315953,-0.015448825465396943,-0.02126595303266332
2021-01-05,0.012363913160629902,0.010004358381754175,0.008064272319336263,0.007548147396700955,0.0009646155124740652
2021-01-06,-0.03366169964337051,-0.024896614147709384,-0.00986759259713954,-0.028268825433079403,-0.025929387490726596
2021-01-07,0.03412332080272562,0.0075771277744003385,0.029868658991099695,0.02062205281276075,0.0284570667520474
2021-01-08,0.008631419846532484,0.006495514374673217,0.013238719453334324,-0.004353586934106368,0.006092917475019055
2021-01-11,-0.023248900064920308,-0.021519462280005563,-0.023105670992294436,-0.040101695603447784,-0.009698515546702757
2021-01-12,-0.0013956817189200166,0.002125797051401035,-0.010738554626568031,-0.022387478905098068,-0.011770660631167829
2021-01-13,0.016226586452104508,0.014438406874172749,0.005652083301680211,0.0021904618255585984,0.00656015407377053
2021-01-14,-0.01512699158934272,-0.012135545173177387,-0.009346177176782211,-0.023843586133178274,-0.015346280818146374
2021-01-15,-0.013730713918327364,-0.007424600125642833,-0.0019065112202244494,0.023286114781451817,-0.001736921375496081
2021-01-19,0.005427318958956873,0.005318518294228358,0.03290661739443013,0.03874922608813414,0.01782283960076736
2021-01-20,0.032856110023545604,0.04570048462239673,0.05357331434581969,0.024435100473659377,0.03649971426858167
2021-01-21,0.03665808173759255,0.013363421550624865,0.002170076080896921,0.020150979174047068,0.0028082747149260623
2021-01-22,0.016073796816285846,-0.00446331304512726,0.004463569503152964,0.005973558514971389,0.004356101269901602
2021-01-25,0.02768384829142745,0.0005376354551673845,0.0009088064489781722,0.0127869208219491,0.01584424861463951
2021-01-26,0.0016790399198955974,0.009754137082109926,0.007216485627563607,0.014531771826308049,0.012198820666218024
2021-01-27,-0.007683620837668603,-0.02812581228312927,-0.04665217150336842,-0.035135520558169264,0.0024533142727150015
2021-01-28,-0.03498511657193415,0.0015591193708615059,0.018835201736824514,-0.026236548335831,0.025890959306543282
2021-01-29,-0.037420523567648245,-0.009704654514695155,-0.013943528979347475,-0.025169861991450437,-0.029171647871107376
2021-02-01,0.016520153437855845,0.042629902924745666,0.035959059388669834,0.014245435623595037,0.033152247260013645
2021-02-02,0.006336781460231977,0.011104214562255077,0.01376069365354593,0.019350317230917513,-0.0005842365107364689
2021-02-03,-0.0077783900956606145,-0.019961565909300982,0.07282503302617571,-0.0016099771506649097,0.014571427060505293
2021-02-04,0.02575755874113006,0.005575845147329783,-0.002549900408179706,-0.0006000512498472999,-0.004074073073087381
2021-02-05,-0.0030980698777466342,0.006349415177487883,0.017140326644460302,0.0060415622655267676,0.0007850404247360387
2021-02-08,0.0010971541926236839,-0.008713780773966562,-0.0020633549160383735,-0.005669599017700588,0.0011149805088237486
2021-02-09,-0.006573900966224566,-0.00539885256244832,-0.004379878355419198,0.010766095653574448,0.005361294387517868
2021-02-10,-0.004558430312451511,-0.005573405440383872,0.0053435427676049585,0.008981194286593164,-0.0038971192338620453
2021-02-11,-0.0019204052580057418,-0.007439273910078148,0.0010879807634294192,-0.005443706533749926,0.006877647917953311
2021-02-12,0.0017759339294824983,0.004775969497859078,0.003006611520983027,0.00040676558158225795,0.0020450243039706884
2021-02-16,-0.016103774644613544,-0.0026726192693009576,0.0074796126930618545,0.012828100631065098,-0.005265554409941697
2021-02-17,-0.01764400459832549,0.012141589169594624,0.00375227251630994,-0.0014599915855829648,0.004359644036941113
2021-02-18,-0.008636533035947469,0.005920814274298136,-0.0060464163574749374,-0.015279425974600302,-0.0016789824629033223
2021-02-19,0.0012334281225789834,-0.023535055745747435,-0.008072888814689372,-0.029065728735573892,-0.011567289013667215
2021-02-22,-0.029798906889728194,-0.021280609604111933,-0.016540527312539632,-0.004702595954308997,-0.026808419117728022
2021-02-23,-0.001111150369067504,0.004326059526709614,0.0028526016657162145,0.021242265833873786,-0.00528745233276573
2021-02-24,-0.004052093369345422,-0.010946968676518232,0.011499346502629848,-0.005830090567856994,0.005487103217464151
2021-02-25,-0.03478264682936327,-0.03240038681954516,-0.03256532788848532,-0.03639663730485598,-0.023704936532463416
2021-02-26,0.0022316454933162255,0.011700387973209825,0.0029563879976355345,0.011504152686383273,0.01480407058459643
2021-03-01,0.05385116551572122,0.017203798394717307,0.023616329563469707,0.028297526135755646,0.01962305653252394
2021-03-02,-0.020893627024498818,-0.016404262105025436,-0.0025028524614626457,-0.02230947710697828,-0.012956841365392435
2021-03-03,-0.024456476002174155,-0.02893170479822993,-0.02570619055333956,-0.013860989721585448,-0.026980762590795737
2021-03-04,-0.015812005605244317,-0.009128157985388907,0.011196120278468058,0.008731102753822828,-0.0036474564642001717
2021-03-05,0.010738365073992284,0.007687481916645478,0.03104332594824566,0.025772332531186715,0.021479343122739136
2021-03-08,-0.04167352140962588,-0.016167463748385735,-0.042711977669504075,-0.03394127918168366,-0.01817788917264518
2021-03-09,0.04064981199045259,0.03756837366056898,0.016368595185048296,0.0408522689104156,0.028101328317404306
2021-03-10,-0.009166716698792765,-0.0017010173123747085,-0.0020437187394903855,-0.0031609707562259004,-0.0058172757982788426
2021-03-11,0.016502540172724567,0.018298429776605563,0.031603128659079216,0.033899627003529664,0.020265006042147427
2021-03-12,-0.0076253544161154485,-0.0077402727850476305,-0.02406048365626312,-0.020008802718814445,-0.005819633659860601
2021-03-15,0.024456698353398698,-0.0025279442445658162,0.0021658548494665197,0.019932959110196435,-0.00398714948160972
2021-03-16,0.012743004594832463,0.0033034103914528767,0.01433484219893999,0.02020090878281966,0.012350304424024738
2021-03-17,-0.006450562734048648,0.014188848597238346,-0.0008014215732290442,0.016936447318112613,-0.002818546595767857
2021-03-18,-0.03390499893074117,-0.03435878370750434,-0.029238012472045938,-0.01897825591740776,-0.026662195599113758
2021-03-19,-0.004480324612198272,0.015511909856343209,0.0027803162876818277,0.04123892913551419,-0.0016035697091327794
2021-03-22,0.02833575753680795,0.01167821172408301,0.0018401996102797025,0.011823182125919596,0.024484453780232007
2021-03-23,-0.006888804417488847,0.008560288075996736,0.005239575513982686,-0.009913482242281946,0.0067376308961872855
2021-03-24,-0.019993516237931996,-0.016073304438495972,-0.004310864206020892,-0.02921236655450743,-0.008923275941320918
2021-03-25,0.004163553511043139,-0.013219634289670767,-3.4458453127772515e-05,-0.012050840850416522,-0.013250700950942496
2021-03-26,0.005141451223402704,0.0018941122432061253,-0.003803248215268451,0.015354807093514333,0.01781856936562698
2021-03-29,0.0014850420451051338,0.007765307334585803,0.010401324986127669,0.02755995552727586,-0.0052435369656426145
2021-03-30,-0.012274488608684186,-0.006645597502498379,0.000332431112658238,-0.00969674456088876,-0.014410813943224299
2021-03-31,0.01876567923157646,0.01269600564306872,0.007842752166645539,0.022673606872558594,0.016907457430407113
2021-04-01,0.00695854561680842,0.02162845443110406,0.03261058297922803,0.0140223573148055,0.02790860514277549
2021-04-05,0.023577289199657292,0.02079404593469847,0.04187286668329793,0.03431996207833832,0.027728485581952178
2021-04-06,0.0024623016936995423,-0.0009018902147276409,-0.0043714228187032855,-0.008578530526913486,-0.004858098549247458
2021-04-07,0.013390324470862636,0.01723733655641202,0.013475123226642127,0.02230126805485466,0.008230603943947479
2021-04-08,0.01923366207761279,0.006071242952548017,0.0050914877883276866,-0.00022360128090193054,0.013405231941620688
2021-04-09,0.020251634797067375,0.02209562242522667,0.00899384598402353,-0.0017890153288877553,0.010266538705319794
2021-04-12,-0.013232903952907882,0.0021321218730274705,-0.011472365919020677,-0.0029443222662588475,0.0002345776906433894
2021-04-13,0.024306642435143022,0.006098747605224553,0.004370394651599607,-0.005713547956843645,0.010081548905537474
2021-04-14,-0.017853195616272854,-0.01970591825597423,-0.005553505495094591,-0.02240444932403407,-0.011218967772400612
2021-04-15,0.01870772214415828,0.013828409714570444,0.019331729394583608,0.016511458553155167,0.01529797501290675
2021-04-16,-0.0025278638359013117,0.006022342354579324,-0.0010939722423238818,-0.00532783642848178,0.004778327299879148
2021-04-19,0.005068540251404796,-0.00806900981526193,0.0030708752472388134,-0.0128682557177352,-0.007670557859732474
2021-04-20,-0.012830004592356836,-0.011067567276491497,-0.004694801891835021,0.001356550011106794,-0.001854997613194187
2021-04-21,0.002930123738050572,0.008195669633476843,-0.00028957425554310134,-0.0038988689891890083,0.008983058157821633
2021-04-22,-0.011685556843820888,-0.015758395892332966,-0.011337185842314135,-0.01641958465846627,-0.01308601534263365
2021-04-23,0.018038613413552396,0.00962218974677076,0.021047526048943554,0.015547066099911522,0.015476063732176693
2021-04-26,0.0029780847409384137,0.020389780364207244,0.0043479584876646715,0.006342787603821343,0.0015314759955356028
2021-04-27,-0.0024495988597963425,0.0024729175512423485,-0.008203664373881536,0.0017489399562840013,0.0016060203364822723
2021-04-28,-0.006027269853004169,0.012017786731569835,0.029707808631674437,0.011628285713768616,-0.028285606547130193
2021-04-29,-0.0007488485005293644,0.0037039347600635875,0.014293924304367156,0.07297298344746861,-0.008053197533835377
2021-04-30,-0.015133087505298626,-0.001120636171800582,-0.0164078087941274,-0.013444275020690233,-0.0013069029970047552
2021-05-03,0.008215161274249816,-0.023340170719312603,-0.004427480005378626,-0.007690414984818705,-0.001268772688691966
2021-05-04,-0.03538531205352513,-0.022034541333801894,-0.015471089424066498,-0.013082030492792995,-0.016160004648186344
2021-05-05,0.0019554206482852443,-0.012479432999494278,0.003441980346527762,-0.010491256726885112,-0.005327001214187832
2021-05-06,0.012802682274505761,0.010955401769447537,0.009754729656283212,0.015872008680004823,0.013226815616431908
2021-05-07,0.0053272667618537994,-0.0044640578502762596,0.006237801569742185,-0.00293732414748038,0.010931819716619717
2021-05-10,-0.02580465588726788,-0.03072052637375966,-0.02558745492943637,-0.041086830585638556,-0.020914217301289728
2021-05-11,-0.0074103664456277585,0.010474816917876772,-0.009464410685167013,0.00183023680870531,-0.0038434236115533205
2021-05-12,-0.024938425875509096,-0.022323796765424953,-0.0307525039381088,-0.012984083131105773,-0.029362698671967835
2021-05-13,0.01791974903852167,0.0030235440044839024,0.013084936445347362,0.008957270143771012,0.016861777045499737
2021-05-14,0.01984475128099339,0.019430851184491837,0.022135046138695547,0.03498654371393495,0.021067554846004866
2021-05-17,-0.009258572509181273,0.0147351540352203,0.0046260977815424376,-0.001519310573586341,-0.011968660624046445
2021-05-18,-0.011245723508770067,-0.011653058569779051,-0.01155568692750042,-0.017434857506433477,-0.008565102433234384
2021-05-19,-0.0012814352966799003,-0.000148514828115065,0.0039912127091317195,0.01171120461634989,0.0024740805263183674
2021-05-20,0.021012030412064453,0.004913709794237331,0.01560648700413303,0.016008128678514533,0.013820311810265551
2021-05-21,-0.014767060237186547,-0.013732853548741542,-0.005557176786454621,-0.007469867470124125,-0.005314747315535384
2021-05-24,0.013314191957590316,0.013084215261017773,0.02916578260716296,0.026562924468441773,0.022881968952850995
2021-05-25,-0.0015735749359115925,0.004332851226203749,0.0007750764671454746,0.009734170023039335,0.003748303807496356
2021-05-26,-0.0003940746521133853,0.0018747562447005706,0.0073808685072718205,-0.0003966102670108773,-0.0009137277625517193
2021-05-27,-0.012376872432592334,-0.010734558114025683,-0.007406600169235111,0.0155343840597022,-0.008668330792088508
2021-05-28,-0.005347959137527725,-0.0021794289420000723,-0.002467569875084452,-0.012081108981733646,0.0014840756083798201
2021-06-01,-0.0026482561331055976,-0.0013714148069622345,0.010323095158492945,0.0012167854565034997,-0.009131577794084467
2021-06-02,0.006276169233175644,0.004765962837133042,-0.004447334915231638,6.0732881765002134e-05,-0.000404223605047882
2021-06-03,-0.012154151095376098,-0.014526941142032901,-0.009706486892068544,-0.009448535346291309,-0.006429471150460109
2021-06-04,0.01902212250824986,0.006027657821926935,0.019590382902938464,0.013219229068937688,0.02067465724571438
2021-06-07,7.944725828679111e-05,-0.0025606925929613222,0.003647276320402959,0.018858726664584324,0.01204204546766352
2021-06-08,0.00667193448958181,0.020669153552085318,-0.0016068001239606389,-0.0086160615965849,-0.0048854784129189754
2021-06-09,0.003077175085212547,0.005220349302289318,0.003960958915961932,-0.010279287793901304,0.004038374977136661
2021-06-10,-0.008023241780974133,0.02087684594544914,0.011291784965358875,0.006691874201599113,0.014393377408814079
2021-06-11,0.009832618891432832,-0.0008418265339896758,-0.0020245170271475654,-0.00360940179358471,0.0025269174003814676
2021-06-14,0.024577778630173963,0.011067127216432215,0.007698963724681596,0.016633396986087456,0.007755082530118029
2021-06-15,-0.0064376838341789755,-0.0002186996793457352,-0.008379245864133744,-5.935509197363409e-05,-0.00588718681778988
2021-06-16,0.00393395102340377,0.0094941835711142,-0.005328659414627901,-0.016837456355558666,-0.0037930429952508504
2021-06-17,0.01260086296509555,0.02166464377780497,0.008039915367715977,0.016400940599211156,0.013676164212907072
2021-06-18,-0.010091801767299846,-0.0006706583139327593,-0.013409337649221365,-0.020356024797855365,-0.005634113882731273
2021-06-21,0.014104086571103736,-0.009446804682075038,0.014166062542982916,0.007977931364425261,0.012334620344504055
2021-06-22,0.012698243182042379,0.01490466106187549,0.004252418608100328,0.0202834574048405,0.0109659455326232
2021-06-23,-0.002089740461203582,-0.0004621896804161141,-0.001663516817872468,0.004601355526680839,-0.000903848101930671
2021-06-24,-0.0021689230179744445,-0.015622946391951387,0.003054206702762352,0.0076044404290758205,0.005353006831406049
2021-06-25,-0.002248838212266291,-0.013806561613952328,6.938077965568112e-05,-0.005274193126706406,-0.006261939718879228
2021-06-28,0.012545950876257317,0.012474089136242261,0.0002245066054762379,0.04180220797188494,0.013961134914254547
2021-06-29,0.011500475349005113,0.0012340341405479016,-0.0021504212772287534,-0.010544370277644433,0.00997300341836227
2021-06-30,0.004620978400585729,-0.0023143032508132766,-0.0014966460863790054,-0.01187877751386468,-0.0018419890223922986
2021-07-01,0.0022634615521359702,-0.0020900020900020966,0.002907730441121359,0.01921147898398079,0.0025839341943689753
2021-07-02,0.01959642722610022,0.022723749230608936,0.022973639679268132,0.0008747355901133069,0.02227532803344978
2021-07-06,0.014718658706973198,0.04692710742205475,0.0074446859377999,-0.005413062761931098,3.6214554304248026e-05
2021-07-07,0.017955066237722583,0.005669564076709488,0.0022505474010361404,-0.006491321936747729,0.008175223661620823
2021-07-08,-0.009199684051902857,0.009422227593882448,-0.011306674227251845,-0.01380922843090071,-0.008966330887057117
2021-07-09,0.013055069796113372,-0.003234704202571881,0.0037946848176670933,0.013800143542541221,0.0018743942639765088
2021-07-12,-0.004203640271512987,-0.00021234814297532711,0.011607856352200185,0.00781916023452256,-0.0022307510777707096
2021-07-13,0.007888941403618066,-0.011076947823728367,0.002882424630322067,-0.003029808905661069,0.013197670620284097
2021-07-14,0.02410038439146689,0.0011747744165069296,0.0070322729654264116,-0.012667191631306696,0.0054452469007162385
2021-07-15,-0.004491708714897458,-0.013711143174944485,-0.009607229294133601,-0.009118929273101761,-0.005238790698063878
2021-07-16,-0.014076159076224615,-0.01585423166667732,-0.0002755484703095279,-0.009580177306017013,-0.0009963841060174339
2021-07-19,-0.026914320030521965,-0.006727030092302577,-0.018839082208542912,-0.012340225729531196,-0.013321287181848107
2021-07-20,0.025973770885315828,0.0066486136498793424,0.013096214466220335,0.01397830919852927,0.008338813652805532
2021-07-21,-0.005131486202791136,0.003361110852517335,0.010613308772804642,0.013375892042483128,0.007446578854484409
2021-07-22,0.00962846463497602,0.014735635895966048,0.006840429204198584,0.014325712092225329,0.016844686674424514
2021-07-23,0.011989143282866932,0.005115384934792466,0.035768980200282074,0.05296280068968917,0.012336763385171201
2021-07-26,0.002894608991060421,0.01180863619816197,0.00766834024088503,0.007220267850562845,-0.00214041795161235
2021-07-27,-0.014900555576479513,-0.019846876786293155,-0.015928747769554108,-0.012484546000010366,-0.008683749269676966
2021-07-28,-0.012195818119236423,0.0010837371680696428,0.03179681909183474,0.01487181223188938,-0.0011167189084119178
2021-07-29,0.004552234421626666,-0.008373940689987869,-0.002325582438320817,-0.040077131118732345,0.0009780990856900207
2021-07-30,0.001510712066219666,-0.07564890713277761,-0.007740567482783844,-0.005637473459365716,-0.005549604829020005
2021-08-02,-0.0023310608801669908,0.0011690369463182027,0.0009501173121364559,-0.012208744695397233,-0.00031576820777945436
2021-08-03,0.01264444093416528,0.01043374884144277,0.005750623032250601,-0.0020173943686030427,0.008075071209642015
2021-08-04,-0.0027823314244208586,-0.0034222398904129037,-0.0037196883035530703,0.021865457826242052,-0.0021245165085069795
2021-08-05,0.0007484644119111206,0.006340362999381677,0.008332933397398268,0.01128381712206794,0.010505689028736276
2021-08-06,-0.00476714307263193,-0.009197334693852421,-0.0037650998759376497,0.001487749795040294,-0.00020730355810538725
2021-08-09,-0.00034189229410463984,-0.0009177334401756498,0.008652663438011743,-0.005226883340262223,-0.0039038793914206726
2021-08-10,-0.003354057098952423,-0.006340816609805455,-0.0007741233715936602,-0.0013273429611833087,-0.006554854529885801
2021-08-11,0.0017855567824653917,-0.008603643493863333,-0.0038594505511174715,-0.0032398676706856255,0.0017807012843980008
2021-08-12,0.02077334280095089,0.003459810192938395,0.006714117651405838,0.007473059521232894,0.00996667757308245
2021-08-13,0.0014105243820843327,-0.0028848279463596915,0.003888603299290194,0.0014614608802341333,0.010489718934696635
2021-08-16,0.013547883239003022,0.0015239472057770875,0.004225741124996407,0.009306693515548137,0.005975970048078372
2021-08-17,-0.006154006748560703,-0.01728702615047184,-0.011915270219238216,-0.022124578256158878,-0.005159896998603419
2021-08-18,-0.02550101071079036,-0.012566487390164305,-0.008872242037067268,-0.008369367827688268,-0.006119134590158226
2021-08-19,0.002322996611844097,-0.0042078187123096855,0.0017053469577841263,-0.000928448666507653,0.020775302657227934
2021-08-20,0.010156798443126558,0.003827154714335368,0.012894397208073283,0.011967785701837208,0.025575309136758095
2021-08-23,0.0102571602011019,0.02060035500127988,0.01900610442587536,0.011074967416326187,0.0009527552624595259
2021-08-24,-0.0006012876959545777,0.012220318769066596,0.008711711790240662,0.005944691415510794,-0.006663244649511624
2021-08-25,-0.008421441829410514,-0.0019965141547840792,0.005787065791835966,0.007879414532748985,-0.0020157500170178144
2021-08-26,-0.005527002451174212,0.005098257262930783,-0.004493899824181136,-0.010885229257508122,-0.009668559158351853
2021-08-27,0.007184527936948015,0.01014175672465778,0.01812417032519198,0.02264119844515955,0.0021062339747019987
2021-08-30,0.030417137984080744,0.021476998866989616,0.0040728180060580765,0.021549522781511454,0.012912092839021394
2021-08-31,-0.008424609258128712,0.01438520002272603,0.000739983809424416,-0.0033625775415928594,-0.005632474081254779
2021-09-01,0.00447861141290562,0.0023654092095504176,0.0035799194233405718,0.007037753376013978,-0.0001656034356588565
2021-09-02,0.00747496226184996,-0.004564478889317991,-0.013280244299501476,-0.017720165501851848,-0.0022529503448137644
2021-09-03,0.004230272274427849,0.004311086264728647,0.0031579932691241375,0.002611412783830369,-3.311843492803668e-05
2021-09-07,0.01548944075917369,0.008982024369138308,0.0037637556750917955,0.015733755266321925,-0.0031880386695811724
2021-09-08,-0.010083640737778565,0.004619174430729789,-0.004085846993628239,-0.012062340886257017,9.998688577805837e-05
2021-09-09,-0.0067050252611445815,-0.011726004336084506,-0.0010438642815022714,0.0011388422476366067,-0.00985962561656295
2021-09-10,-0.033101738379753054,-0.004308001431212238,-0.018566077144047455,0.0018254032841436008,-0.005180847806833699
2021-09-13,0.00389338531697625,-0.0034532897607970625,0.010338859132732914,-0.00575666815000897,0.004328282024863572
2021-09-14,-0.009562054892769623,-0.002073980962099431,0.0014894022804481377,5.309025830224634e-05,0.009428372116574435
2021-09-15,0.006143699800295277,0.007475391332653958,0.013224009601579878,-0.006931679706860039,0.01677818752708915
2021-09-16,-0.0016104395508790281,0.0035819053548502566,-0.005674074612491142,-0.0022999995674390927,0.0013122532899598749
2021-09-17,-0.018347896728684976,-0.007373319866162298,-0.019566865445659,-0.02235564357601949,-0.01752841152015372
2021-09-20,-0.021360998690333366,-0.03084174438431353,-0.014776316235795561,-0.024731270518431492,-0.01857471902719743
2021-09-21,0.003427647080420426,-0.0036057473697842513,0.0022600073192293735,0.005004213433259075,0.0016988984398258467
2021-09-22,0.01687263958351859,0.01089234819407503,0.008994182952471785,-0.03991837051777358,0.012822255892426249
2021-09-23,0.0067191527496563985,0.01063594079605279,0.006647327891225352,0.008012587245321834,0.0032821801893094804
2021-09-24,0.0006128714784330302,0.0027868730462519142,0.007074218896884421,0.020233553511660674,-0.0007009419464902855
2021-09-27,-0.01054985129897501,-0.005756835077931344,-0.008037057565919659,0.0017565591914017187,-0.017304070328527876
2021-09-28,-0.023801100232426986,-0.0263784679831095,-0.03715836000906403,-0.03656879112737499,-0.03620362285493506
2021-09-29,0.006482702406205965,-0.004475351789266391,-0.010870216041668157,-0.0030530120756083745,0.0016930286648855208
2021-09-30,-0.009311660124243337,-0.0048710792439015105,-0.005042708164040177,-0.0006477156521098593,-0.0073239847728509
2021-10-01,0.008127050020360516,-0.0005418778291703674,0.021447413929883696,0.010666180385234147,0.025468252797052005
2021-10-04,-0.024605622936682225,-0.028471678341373097,-0.02111788345777532,-0.048919851612384324,-0.020719620138685335
2021-10-05,0.014158362351750942,0.00978753803838428,0.017682954603962298,0.02062955657697607,0.01995704504124829
2021-10-06,0.006307359457467854,0.012732016728672857,0.0113363732826528,0.0020423570723544504,0.015064264929119942
2021-10-07,0.009084228029210939,0.012391203105561077,0.012067049268700725,-0.013247851677478883,0.005936577080576599
2021-10-08,-0.002721782978445164,-0.004181805261295635,0.004025865139600571,0.002521069707758228,0.0
2021-10-11,-0.0006296185801102361,-0.01286860335091844,-0.006234592947066964,-0.013937208774638554,-0.0021028011038889405
2021-10-12,-0.009103066452504027,0.0003172745113595443,-0.017744765192113987,-0.005162154341203817,-0.0045883911833953794
2021-10-13,-0.0042398865436859,0.011378601203982708,0.008303436176867685,0.002378291865764881,0.01171136086342095
2021-10-14,0.02022551492962643,0.004743759227551214,0.02594089506723951,0.012294293859990146,0.021734010631756506
2021-10-15,0.007512693930652459,0.03308023939004423,0.0015373269601810513,-0.01147532653845873,0.00482236063014474
2021-10-18,0.011805930171913559,0.011064772529006062,0.009973994820983378,0.03257786135645535,0.01012473531739233
2021-10-19,0.015080061977214676,-0.0007514424560826072,0.0032147784265186274,0.01386650547881274,0.0030590176866711616
2021-10-20,0.0033611984020145425,-0.008446195751808605,-0.010248764804765664,0.002323622952479454,-0.0026605897348250807
2021-10-21,0.0014739357528230634,0.005841756945129006,0.0008253172191976521,0.0032279068826102097,0.010897756541034198
2021-10-22,-0.005284749585436455,-0.028954833317208384,-0.030443480934472023,-0.05051485692229851,-0.005148780942601738
2021-10-25,-0.0003364440654733958,-0.004550989805058192,-0.0008686095746930356,0.012568982082991065,-0.0033315618603200203
2021-10-26,0.004574936232205173,0.01677526160393561,0.013543372262503128,-0.039185873580406705,0.006425845843831102
2021-10-27,-0.0031476391620891553,0.004863638245470758,0.04959493837818929,-0.011367582931647191,0.0421140895217087
2021-10-28,0.024991737929937363,0.01594115275917063,-0.00252021651947143,0.015053526963856756,0.00365140595810165
2021-10-29,-0.01815564490331001,-0.021511245053778105,0.015063567390221744,0.020983193281356893,0.022414025318851838
2021-11-01,-0.005607616268496263,-0.01610709978002456,-0.030727010991056458,0.01981025285723259,-0.006784868439174807
2021-11-02,0.00711614301836172,-0.0016154097805501921,0.0134880950773264,-0.005757998517495699,0.011415611693743166
2021-11-03,0.009798474535325008,0.021507811127532195,0.008014110491756155,0.010790077693880074,0.002611604811150414
2021-11-04,-0.003498496408681717,0.02748232410840923,0.011388249136321082,0.012755596913971656,0.007305557770075133
2021-11-05,0.0035823522831821553,0.01207642928374364,0.003942220423287068,0.015721300233263902,-0.0011297255135480633
2021-11-08,-0.005552611143407993,-0.008527948857282919,0.0012025424480262004,-0.007357927270241871,0.0027674585045331934
2021-11-09,0.0024594542482703208,0.025007238016599764,-0.0007548969498599734,-0.00959777935994377,-0.0030860242039595365
2021-11-10,-0.01916316766938775,-0.026334994227121156,-0.020313185388261323,-0.0230491116715702,-0.015329724616539586
2021-11-11,-0.0003380151840088885,-0.0027425987825921982,-0.0008704905077523417,0.00030513851015667726,0.00492740990929641
2021-11-12,0.014336835745997645,0.015162029225161966,0.019973719121197497,0.04012334413221463,0.01290503962387568
2021-11-15,6.67933685487565e-05,0.0058238044631160335,-0.0015200495989177165,0.019566378079554747,-0.0019303692200228761
2021-11-16,0.006666560489429152,-0.001404486161877938,-0.003879966491759146,-0.013235142524536725,0.01023595221508855
2021-11-17,0.016490193206413872,0.0023441312596286235,0.0011563065138875395,-0.006385591602433571,0.0006786795509623467
2021-11-18,0.028535967441173815,0.04143700734081479,0.012100913505183497,-0.0061037844860868384,0.00633983192856169
2021-11-19,0.0169759775873084,-0.005273114275827329,-0.006086570257528234,0.01951632851254903,0.005391663273911718
2021-11-22,0.002927332964756779,-0.02828730052206352,-0.017622763496938032,-0.012423915954251075,-0.009559647873046195
2021-11-23,0.0024221935530310823,0.0020909577736383245,-0.003554320962932178,-0.011026097938325208,-0.006326586878339535
2021-11-24,0.0032835687781471723,0.00010331533981333685,0.002318512860989941,0.011297249988417413,0.0006810196025270887
2021-11-26,-0.03167842948694155,-0.021184701669844985,-0.026943584666858866,-0.023280368551700792,-0.024355557399333927
2021-11-29,0.021873612270657983,0.016267432688752415,0.02354362823771572,0.014739444446683736,0.02108110574324784
2021-11-30,0.03157763316550821,-0.015302274022490625,-0.024963808600735216,-0.04014438769701845,-0.017942590123850355
2021-12-01,-0.0032062967128442255,-0.0180634873037836,-0.005962108287689727,-0.04271708597847701,-0.0015426648042863311
2021-12-02,-0.00612977174855267,-0.0018468889124809706,0.013573092284889787,-0.0006760832290780838,-0.0017874603978019765
2021-12-03,-0.011724515118565204,-0.013839076006382012,-0.006746415466485689,-0.011437282589672804,-0.01966668138176464
2021-12-06,0.021502817288384435,0.011086219388703134,0.00812317796396167,0.03594706984401963,0.009844869021523595
2021-12-07,0.03544623541832226,0.027986504263362688,0.028741587707100225,0.015540952330480362,0.026763412392840413
2021-12-08,0.02278303738956855,-3.689871657430732e-05,0.006226626578751837,0.024007930543084477,0.00014936440952628693
2021-12-09,-0.002970059340444031,-0.011279643604146683,-0.0036979678836025487,-0.0022385958368837944,-0.0055826911298846316
2021-12-10,0.028013450199816603,-0.011247564604614624,0.0024586494925347147,-0.00021225917974687647,0.028339984849737654
2021-12-13,-0.020674228871309652,-0.015356076499860039,-0.014695714983546493,0.01437449654094003,-0.009166945757506872
2021-12-14,-0.008023368837906886,-0.0028071293797337082,-0.013162969611649644,-0.00224221956380366,-0.03258697548070355
2021-12-15,0.028509264980647986,0.024977573145925636,0.017608570972026616,0.02373108904980903,0.01921804126919935
2021-12-16,-0.03926393573410647,-0.025641174633125208,-0.013629973959996655,-0.019785780287909893,-0.0291350069279257
2021-12-17,-0.006501732891748269,0.00678920370502567,-0.01883070430117295,-0.003314378536255158,-0.00338554501050925
2021-12-20,-0.008121858772076718,-0.017283556389377508,-0.0008326792699037133,-0.024985757884865567,-0.012013552553114537
2021-12-21,0.019086750909515615,0.019978649621920752,0.013173848072207672,0.026885849352599855,0.023068867682897176
2021-12-22,0.015318829174050252,0.0036381058820253998,0.02050908396324691,-0.01122082544292946,0.018057490747717786
2021-12-23,0.003643653783917067,0.0001841364158221559,0.003425268197343012,0.014495318052349715,0.0044717643955480835
2021-12-27,0.022975064058365247,-0.008178022851368039,0.006738454891403789,0.032633345543763514,0.02318555308873682
2021-12-28,-0.005767266436051188,0.005843719029521299,-0.008245058391449622,0.00011557151126107001,-0.003504110891180967
2021-12-29,0.0005019548644662475,-0.0085549217086347,-0.00021813576824303293,-0.009473741458414398,0.0020514039738999124
2021-12-30,-0.006578332907586026,-0.0032890070546229833,-0.0030990985291923234,0.004140616142903397,-0.007691255611400494
